Speaker,Vowel,TimeAt,F1_mel,F2_mel,TRx,TRz,TBx,TBz,TTx,TTz,JAWx,JAWz,ULx,ULz,LLx,LLz
F01,AA1,0.0,718.4882273483572,1238.8624744549686,-54.7946625,-10.364953,-40.770842,-6.591714,-23.171571,-10.500651999999999,-6.7724953,-28.776666,9.075768,4.0730185500000005,3.8839628,-27.3722125
F01,AA1,0.25,764.3141210037725,1196.3135660446992,-55.807146,-10.865607,-41.890787,-7.15364735,-24.242277,-13.066903,-7.4986715,-30.3573715,9.1151115,3.8705125000000002,3.22075435,-29.139297499999998
F01,AA1,0.5,778.3734677380448,1193.6112980200155,-56.003344,-11.3950475,-42.588459,-7.0116534,-24.5569925,-12.787563500000001,-7.6830224000000005,-30.452092,8.910753,3.7329756,3.01423635,-29.241501
F01,AA1,0.75,758.4802559957461,1209.8979356873865,-55.410576,-11.194874500000001,-42.3880365,-5.67410255,-23.9359,-8.9841355,-7.3140635,-29.49241,8.66147,3.67317335,3.2476127999999997,-27.621021
F01,AA1,1.0,717.0416265132468,1232.7212368444852,-54.2204955,-10.721914,-41.752717000000004,-4.41604615,-23.464357999999997,-6.017009,-6.7821675,-27.8170115,8.573903,3.78166615,3.7242852500000003,-25.582493999999997
F01,AE1,0.0,726.0386446303139,1453.551629424382,-49.524950000000004,-7.4558812,-34.5096,-4.3615873,-17.500877,-14.649236,-6.68132765,-29.337030499999997,6.6651656500000005,4.6611937999999995,2.0648334000000004,-28.695482
F01,AE1,0.25,800.7862474010316,1446.767650666375,-50.1786995,-7.6134935,-35.183783000000005,-5.069698499999999,-18.3071365,-16.6525915,-7.4754629999999995,-30.920686500000002,6.5303263000000005,4.53864815,0.974841595,-30.766384
F01,AE1,0.5,812.6759847196774,1435.1948596279904,-50.627235,-7.8146555499999995,-35.916028499999996,-4.9133396000000005,-18.7617075,-15.9024285,-7.3479465,-30.114441,6.47414705,4.4378779,1.0386869,-29.776817
F01,AE1,0.75,776.1026636605022,1430.72111908605,-50.762776,-7.9375497500000005,-36.4885255,-4.17185415,-18.656522000000002,-12.349466249999999,-6.6273599999999995,-28.0419405,6.7679968,4.5187555,2.08578455,-26.997746499999998
F01,AE1,1.0,718.5180504549048,1430.7021545239754,-50.19267,-8.008758,-36.477505,-3.3345504999999998,-18.773483499999998,-7.6220434,-5.754715,-25.7641725,7.27971075,4.724861649999999,3.4375933,-23.753082499999998
F01,AH1,0.0,677.763806808009,1313.788877135547,-51.376724,-9.252879,-36.733818,-6.719944,-18.985067,-11.986587,-5.6584234,-26.326138,8.10294,4.7124047,4.182562,-24.753479
F01,AH1,0.25,722.7799192509132,1282.091949434414,-52.62075,-9.383513,-37.821663,-6.8942456,-19.917265,-13.257592,-6.1093817,-26.91939,8.087406,4.4596395,3.7758229,-25.792933
F01,AH1,0.5,717.1539834562458,1269.756571749469,-53.204144,-9.397142,-38.59533,-6.627294,-20.550974,-13.433056,-6.2985563,-26.829538,8.041367,4.2568774,3.7511072,-25.52449
F01,AH1,0.75,686.7816393785819,1263.640086648082,-53.15467,-9.386034,-38.69188,-6.0989103,-20.617142,-12.007055,-6.13623,-26.182705,8.035315,4.2310333,3.9529593,-24.169243
F01,AH1,1.0,644.3997602106408,1276.2016398313137,-52.543266,-9.333765,-38.391666,-5.2987714,-20.195555,-9.9162035,-5.877784,-25.472757,8.049316,4.252229,4.3240356,-22.994473
F01,AO1,0.0,657.8159719226552,1202.8681370509184,-55.359997,-9.707579,-41.468517,-5.3335443,-23.412603,-10.066636,-6.309669,-27.091635,10.273352,3.2779014,5.410662,-24.918978
F01,AO1,0.25,690.9104344408152,1063.1713957810803,-56.836823,-10.394962,-43.793785,-5.7737336,-25.980461,-11.174997,-7.0702066,-28.839949,10.247515,2.8660772,4.51252,-26.940647
F01,AO1,0.5,709.7390967620613,1061.052789552218,-57.595062,-10.885637,-45.39742,-4.9969287,-27.096529,-9.773563,-7.466452,-29.524532,9.866152,2.6080472,4.028419,-27.46134
F01,AO1,0.75,696.3068276462398,1096.1069477179103,-57.402782,-11.409579,-45.818233,-4.21452,-27.060753,-6.517322,-7.414464,-29.243416,9.319424,2.6239772,3.7867472,-27.127623
F01,AO1,1.0,682.9595069554609,1158.6763761620311,-56.083035,-11.403186,-44.929825,-3.5496984,-26.234999,-5.2732797,-7.122429,-28.197842,8.67709,2.8541758,3.7650197,-26.39912
F01,EH1,0.0,668.5044659650778,1455.7789387144303,-49.221695,-8.386116000000001,-35.4678385,-3.94797515,-17.211610999999998,-12.0242805,-5.48997285,-27.3703225,6.854452,4.8558758,3.3461474,-26.2944295
F01,EH1,0.25,725.5351656426302,1460.1075973953677,-49.878947,-8.5912605,-36.036832000000004,-4.2050517,-17.8044065,-12.5921325,-6.0082834,-28.347468,6.77681415,4.61850265,2.73014065,-27.7077685
F01,EH1,0.5,731.0428038201605,1453.79774774923,-50.346044500000005,-8.862495,-36.616454000000004,-3.96409605,-18.1974575,-11.6699625,-6.1046783,-28.15932,6.842128499999999,4.44763865,2.6092103,-27.362219
F01,EH1,0.75,705.765173494723,1433.2519120736442,-50.442668999999995,-9.02147375,-37.074995,-3.5717125000000003,-18.4419295,-9.036696500000001,-5.8786495,-26.941242000000003,7.1370678000000005,4.49872445,3.0389754,-26.1025925
F01,EH1,1.0,662.4305452577503,1423.3456131434818,-50.281872,-9.146845249999998,-37.8423995,-3.1454395,-18.865806,-6.5069513,-5.5507159,-25.710543,7.5273825,4.652134350000001,3.7903838,-24.126600500000002
F01,IH1,0.0,561.6398708637266,1531.5586343039552,-48.97885,-4.317572999999999,-34.1906825,0.5872679000000001,-16.440797500000002,-9.310596,-5.04045575,-24.696124,7.05634585,5.189804499999999,3.6567659,-25.176537500000002
F01,IH1,0.25,576.3242792446546,1551.149209942533,-49.051454500000006,-3.9323444,-34.1041905,0.5375053999999999,-16.332455500000002,-9.494874,-5.1420345,-24.805429500000002,7.0685448,5.1215178,3.5402479,-25.225855000000003
F01,IH1,0.5,577.8009722428044,1545.1597360214005,-48.9556285,-4.2919555,-34.0201725,0.30048357000000003,-16.3713935,-9.021825499999998,-5.13884965,-24.612029,7.177875050000001,5.059213700000001,3.5876957999999997,-24.938155000000002
F01,IH1,0.75,566.8108365678213,1520.4420903379983,-48.895658499999996,-5.177072,-34.2513905,-0.32899353,-16.5356005,-7.9606185,-5.0201668999999995,-24.2277725,7.410216500000001,5.14091435,3.9446706000000002,-24.3638305
F01,IH1,1.0,535.9949555022163,1496.831416056143,-48.864312999999996,-6.1519968,-34.588404,-1.2048588,-16.869126,-6.639742350000001,-4.7758018,-23.758194500000002,7.6591096499999995,5.199120000000001,4.3643025,-23.5025465
F01,IY1,0.0,465.45924902973695,1692.3314354200143,-47.7088485,0.278076025,-32.158602,4.491315350000001,-14.7710245,-8.36135875,-4.6150198,-23.628982,7.1793055,5.15259735,4.205664349999999,-24.62724
F01,IY1,0.25,454.43093053841255,1727.4535741971556,-47.636793,0.89843325,-31.781830499999998,4.9178532,-14.644132500000001,-9.10003725,-4.6214949999999995,-23.7551275,7.1276342,5.025013749999999,4.02687675,-25.0700915
F01,IY1,0.5,455.3313336263661,1730.5263647482357,-47.608879,0.97281482,-31.813259000000002,4.98738085,-14.689705,-9.255161000000001,-4.602448,-23.825352000000002,7.2800695,4.92654825,4.1836056500000005,-24.847440499999998
F01,IY1,0.75,446.7995132609037,1703.3776627341283,-47.7086685,0.140631115,-32.320599,4.225032499999999,-14.958282,-8.419422,-4.500826249999999,-23.626357499999997,7.6230542,4.91920075,4.5136292000000005,-24.091258
F01,IY1,1.0,452.0261745721298,1657.5089874995838,-47.94803,-1.8308068,-33.497465,2.10566795,-15.550487,-7.04422615,-4.28375385,-23.255764999999997,8.016123,4.915741499999999,5.086061,-23.076144999999997
F01,UH1,0.0,584.5194764155115,1337.5043280319142,-53.46404,-6.2154365,-39.07765,-2.4091597,-20.947313,-11.20303,-6.180687,-25.10436,9.773503,4.1646867,4.650498,-24.618614
F01,UH1,0.25,596.6845058857386,1315.7451191101457,-53.980064,-5.9312286,-39.089714,-1.9668182,-21.445303,-11.001859,-6.5008225,-25.27312,9.703244,4.1185684,4.329653,-24.916779
F01,UH1,0.5,605.295410968174,1316.5882459498812,-54.367916,-6.022333,-39.026188,-1.3751968,-21.703457,-10.574761,-6.7008643,-25.176765,9.518108,4.1294723,3.8667133,-24.996468
F01,UH1,0.75,606.5260351026116,1327.014644806738,-53.850983,-6.3891506,-38.59508,-0.6921735,-21.325592,-9.346478,-6.679005,-25.094763,9.402602,4.1757574,3.8357024,-24.885303
F01,UH1,1.0,601.487878987832,1342.1855248129245,-52.742443,-6.7445817,-37.97879,-0.1900277,-20.955187,-7.402051,-6.5252333,-24.956018,9.199023,4.2275877,3.7128632,-24.632215
F01,UW1,0.0,480.0913620668074,1495.6374330627787,-49.175537,-1.7016023,-34.87234,2.2079864,-16.757965,-9.456171,-3.6337352,-23.148245,10.141939,4.2644663,6.871624,-22.232714
F01,UW1,0.25,473.5822578248411,1424.1938191283518,-49.54408,-1.2515332,-35.219067,2.133063,-17.113396,-10.346951,-3.7889242,-23.307207,10.080546,3.9050107,6.884589,-21.82516
F01,UW1,0.5,470.3812077590955,1362.7352374377376,-50.149326,-1.1910266,-35.639126,1.6927226,-17.593384,-10.542166,-3.862339,-23.398567,9.954759,3.5497313,6.799316,-21.333508
F01,UW1,0.75,464.1953753069125,1337.8367411922088,-50.550083,-1.7885793,-36.220257,0.43748856,-17.821213,-9.973156,-4.118527,-23.455126,9.723371,3.2860188,6.723964,-20.781582
F01,UW1,1.0,462.0010943477158,1374.4565440367176,-50.72189,-3.201197,-36.63689,-0.70969176,-18.095173,-8.765749,-4.2752337,-23.535503,9.371277,3.3076272,6.4587355,-20.853489
F02,AA1,0.0,756.7439685786151,1267.5826394756516,-54.026676,-1.8349241,-39.815193,-5.0039964,-22.539871,-9.818484,-6.965397,-23.897102,8.873823,5.089592,5.741676,-30.455736
F02,AA1,0.25,838.8262227279001,1222.3170420403044,-54.6069,-1.9510864,-40.5142,-5.6870656,-23.137215,-10.956203,-7.7040296,-25.179667,8.88991,4.973433,4.8363338,-32.227825
F02,AA1,0.5,854.8036970523046,1234.4320493450139,-54.759766,-2.0909295,-40.68417,-5.147646,-23.445042,-10.531117,-7.784029,-24.915648,8.779295,4.8762245,4.7006807,-32.170345
F02,AA1,0.75,832.2378151112201,1257.7417386578577,-54.17605,-2.3939517,-39.98638,-3.7619293,-23.04575,-7.6328244,-7.118004,-23.796415,8.635606,4.8864775,5.36395,-30.504538
F02,AA1,1.0,780.3061799489997,1274.5120050334888,-53.377728,-2.5088897,-39.149857,-1.5433639,-22.256609,-5.3060265,-6.404681,-22.358822,8.537076,5.0234632,6.36924,-28.54392
F02,AE1,0.0,769.2123708441654,1451.709304503671,-50.012672,-1.8121332,-34.76928,-3.5858169,-16.864206,-11.064249,-6.9570627,-25.272581,7.5500393,5.264035,4.3361707,-31.532558
F02,AE1,0.25,852.8812858048436,1440.6228586001218,-50.733944,-1.7559644,-35.705467,-4.137239,-18.00094,-12.313269,-7.7767735,-26.342125,7.4496818,5.195571,3.091366,-33.32471
F02,AE1,0.5,869.2090986949421,1416.4187607411975,-51.236294,-1.4836042,-36.233334,-4.0055156,-18.619692,-11.791398,-7.684423,-25.775768,7.34447,5.228984,2.9585001,-32.88192
F02,AE1,0.75,837.4032298317709,1428.2600822801207,-50.970146,-1.4924614,-36.08275,-2.9246504,-18.434652,-8.439862,-6.7049417,-23.820427,7.275129,5.2970605,4.1167955,-30.691458
F02,AE1,1.0,778.3962449451003,1437.6032096848487,-50.538513,-1.7761751,-35.658943,-2.0469646,-18.031551,-5.2306046,-5.6725335,-21.969112,7.3592343,5.380097,5.9912977,-27.906544
F02,AH1,0.0,682.7216879636228,1342.8622210248927,-51.5896535,-2.4946710000000003,-36.1637975,-5.423671649999999,-16.668067999999998,-8.632732,-5.71107555,-21.576786,8.401325,5.4564687,6.84511865,-27.927163999999998
F02,AH1,0.25,735.3702643469114,1329.940809051416,-52.1202335,-2.31228305,-36.7993,-5.82647385,-17.645955,-9.615153249999999,-6.06438875,-22.005174500000003,8.3601495,5.37104215,6.56428195,-28.7023525
F02,AH1,0.5,746.5825429475269,1321.5228760066927,-52.42777,-2.1889704500000002,-37.3074685,-5.6362646000000005,-18.5335815,-9.7898155,-6.13819,-22.187136000000002,8.264412,5.3155462,6.62802815,-28.487250500000002
F02,AH1,0.75,711.184008598168,1324.8546435638905,-52.343445,-2.17699665,-37.288917,-4.985156699999999,-18.6736755,-8.985081000000001,-5.8089039499999995,-21.586256,8.177148500000001,5.37799925,6.8629569,-27.566751
F02,AH1,1.0,656.7799477382338,1328.6094737156723,-51.858328,-2.1682786,-36.9995675,-4.2854879,-18.7410725,-7.44437005,-5.5009847,-20.9928275,8.222161,5.440034300000001,7.3986698,-26.364821499999998
F02,AO1,0.0,689.392356964466,1218.0162673452683,-53.300346,0.5748598,-39.101685,-4.642666,-20.901686,-9.76661,-6.679781,-23.209063,9.278865,4.9243774,7.4536133,-27.29295
F02,AO1,0.25,729.8186112299942,1099.237868130118,-54.22162,0.33133942,-40.203175,-5.102794,-21.97267,-11.326213,-7.279034,-24.283283,9.474164,4.589504,6.7262983,-28.827715
F02,AO1,0.5,742.7491678806748,1088.277584201637,-54.4466,0.061666574,-40.733192,-4.3509107,-23.452702,-11.046532,-7.4499702,-24.46874,9.409485,4.46956,6.366873,-29.385416
F02,AO1,0.75,743.0740835510902,1125.7342773984928,-54.324436,-0.13162893,-40.417885,-3.0996854,-22.97311,-9.948468,-7.12733,-23.954754,9.191764,4.5203943,6.370117,-29.000044
F02,AO1,1.0,714.6419433737822,1179.943975363541,-53.854218,-1.1193377,-39.738758,-0.78279203,-22.621212,-7.3644753,-6.4578156,-22.760468,8.947379,4.638719,6.7384505,-28.362162
F02,EH1,0.0,720.8355405151717,1435.9763259737729,-51.019161499999996,-3.2982180999999997,-36.097412500000004,-3.65381575,-17.623672499999998,-9.0186055,-6.176346499999999,-23.118433,7.590654499999999,5.5332068,5.4796597,-29.2865055
F02,EH1,0.25,800.4137219665442,1435.0151908096145,-51.627055999999996,-3.17970595,-36.5097265,-4.0552805,-18.608102000000002,-9.608806000000001,-6.7466185,-23.9594985,7.5528648,5.405131000000001,4.52757465,-31.009877
F02,EH1,0.5,826.2124064403638,1434.217340972004,-52.004447,-3.0220122,-36.889658,-4.1059855,-19.122396000000002,-9.1341565,-6.8596696999999995,-24.103653,7.5025872,5.35666425,4.23220635,-31.1904715
F02,EH1,0.75,803.6114492867399,1432.6797025029875,-51.8238765,-2.9847048999999997,-36.8194675,-3.2473023000000003,-18.9870375,-7.27529965,-6.5691238,-23.365026999999998,7.4151565999999995,5.366846649999999,4.9108164,-30.017278
F02,EH1,1.0,746.9477240008607,1435.008892731501,-51.3454775,-2.899855,-36.394912000000005,-2.3538097000000002,-18.472181499999998,-4.76186945,-5.89621685,-22.142383000000002,7.463346,5.4121372,5.85664575,-28.2071275
F02,IH1,0.0,577.5763271525714,1528.6870582968272,-49.35309,-1.5122601,-34.291595,-0.14481181,-15.748825,-7.072616,-4.9590526,-20.97497,7.5532446,5.6129227,6.5036077,-27.816832
F02,IH1,0.25,588.2278062211609,1538.9612488627877,-49.69019,-1.2486224,-34.54565,-0.11992431,-16.024172,-7.0183406,-5.1328993,-21.149048,7.495257,5.5846987,6.2853537,-28.238483
F02,IH1,0.5,585.7079813233782,1540.2961280332083,-50.065468,-1.5443873,-34.99168,-0.27853706,-16.262724,-6.6858754,-5.1379566,-20.95288,7.4653983,5.5631294,6.3721924,-28.05803
F02,IH1,0.75,573.3723821203955,1530.9722466624612,-50.31699,-2.0988562,-35.2571,-0.3379904,-16.347641,-5.8939395,-4.984776,-20.619759,7.457339,5.588304,6.7112827,-27.615757
F02,IH1,1.0,545.1894249774756,1517.8619103540634,-50.43742,-2.3479178,-35.33719,-0.42111138,-16.484154,-4.792153,-4.733548,-20.204077,7.550182,5.625536,7.161146,-27.098726
F02,IY1,0.0,434.00167885784526,1648.6690035174652,-47.3374225,2.2776135,-32.313444000000004,4.86850045,-13.0354815,-5.942328,-3.70425795,-19.6819925,7.6356615,5.513759500000001,7.5494635500000005,-27.206674
F02,IY1,0.25,449.2641817072582,1766.499195897101,-47.384631999999996,2.69269465,-32.352802499999996,5.080562199999999,-13.156641,-6.27750335,-3.70830715,-20.043962999999998,7.5994661,5.53777335,7.47027895,-27.763085
F02,IY1,0.5,453.8376714880063,1751.067679388715,-47.59103,2.8242746,-32.7659495,4.942187499999999,-13.4724665,-6.2665217,-3.6016890999999998,-20.039113,7.552854999999999,5.6112728,7.541392,-27.5089535
F02,IY1,0.75,446.09393649443814,1669.9580193403413,-48.155691000000004,2.5160051,-33.240789,4.2132687,-13.935487,-6.0648333999999995,-3.54501605,-19.903623500000002,7.630235,5.6916098,7.9089985,-26.8326405
F02,IY1,1.0,438.88181466740804,1587.4486300306182,-48.8168985,1.4413075,-34.110905,2.7804708,-14.648671,-5.31891705,-3.38165905,-19.5936755,7.75509285,5.6974303,8.3239775,-26.035803
F02,UH1,0.0,579.8742246855288,1356.2262699820778,-52.5109985,0.7343687699999999,-38.3945255,-0.8409521849999999,-21.085697500000002,-7.41288825,-4.6806526,-19.7701415,9.010736,5.6854416,7.6497005,-27.2284365
F02,UH1,0.25,584.5000381543155,1342.2555996590531,-52.703680000000006,1.03444555,-38.7635955,-0.5437897,-21.465027,-7.8800065,-4.7398031,-19.8935225,8.9116025,5.582444150000001,7.3452459,-27.663691
F02,UH1,0.5,580.3320633050187,1335.7596549570953,-52.727543499999996,0.95195373,-38.8812805,-0.297786375,-21.664178,-7.207279,-4.822799,-19.979982999999997,8.786688999999999,5.54440855,7.2569912500000004,-27.8075575
F02,UH1,0.75,575.6172927972791,1329.2564432242034,-52.750078,0.907707125,-38.481513,0.291803195,-21.754091,-6.217188,-4.98552965,-20.0867045,8.713465,5.535822400000001,7.0924628,-27.7893275
F02,UH1,1.0,567.5087011501384,1333.6939318191426,-52.3033465,0.1775237715,-38.0430185,0.56565142,-21.304138000000002,-5.21538685,-4.9814469500000005,-20.077841,8.6471785,5.5867178,7.086517300000001,-27.6311635
F02,UW1,0.0,481.7050510904077,1447.7644538547333,-49.6984745,1.5825933,-35.1173955,3.17922555,-16.422549,-6.42961335,-3.6988683499999997,-18.954758499999997,9.356634499999998,5.3971038,9.1961855,-25.4744265
F02,UW1,0.25,484.83245570000855,1400.3800771766669,-50.118568499999995,2.3666886500000004,-35.517201,3.15039535,-16.691284500000002,-7.091933450000001,-3.7467250500000002,-19.189787000000003,9.283702,5.2240645,9.2535805,-25.244819
F02,UW1,0.5,485.1231328130159,1374.1290962362252,-50.528677,2.7821194,-35.677012500000004,2.75854715,-17.1959035,-7.33654095,-3.8117222999999996,-19.305591,9.2409695,5.0793658,9.2655675,-24.752575
F02,UW1,0.75,470.479103223318,1366.4993223122242,-50.758121,2.7099314000000003,-35.859478,1.81487485,-17.2890865,-7.03878785,-3.84697355,-19.338536,9.2900285,4.9879701999999995,9.436106500000001,-24.302104
F02,UW1,1.0,452.40370107990293,1389.6343986776023,-50.937036500000005,1.70091015,-36.028906,0.863988515,-17.36808,-6.50658325,-3.96063055,-19.328269,9.1641485,5.0174,9.35271325,-24.341071
F03,AA1,0.0,831.2152017690805,1294.0492239540447,-45.870853,-6.8098607,-30.325905,-6.835614,-17.042736,-13.339714,0.517983,-24.046703,10.445939,0.16920304,11.301232,-26.702663
F03,AA1,0.25,906.476067749292,1264.3639590042096,-46.25885,-7.0617146,-30.757603,-7.89407,-17.199495,-14.590084,0.16400005,-25.516256,10.395573,0.10709704,10.989257,-27.813745
F03,AA1,0.5,918.3306672177397,1259.2415942413613,-46.494537,-7.3097816,-30.836382,-7.9277124,-17.422045,-13.654279,0.21725738,-25.424576,10.329189,0.035750195,11.105858,-27.834452
F03,AA1,0.75,877.4325793537428,1271.576487808332,-46.327847,-7.520714,-30.79459,-6.76586,-17.782436,-10.6721735,0.6407095,-24.020803,10.284682,0.021590535,11.427275,-26.382368
F03,AA1,1.0,825.8367781402919,1286.5064089641378,-45.880184,-7.457795,-30.368042,-4.1097746,-17.722534,-8.047986,1.1243525,-22.475245,10.311831,0.097223274,11.727133,-24.78144
F03,AE1,0.0,834.7839004849529,1449.7780645472299,-43.638193,-7.202855700000001,-27.2227095,-6.87318125,-13.7734615,-14.345877999999999,0.6139804,-25.063345499999997,8.783191500000001,0.61250035,9.7515015,-29.0099285
F03,AE1,0.25,961.4595734312813,1436.4023951653483,-44.095606000000004,-7.378204650000001,-27.8443315,-8.155525,-14.311137500000001,-16.201860500000002,0.25749858999999997,-26.5797185,8.695236999999999,0.5618634499999999,9.152193,-31.166036499999997
F03,AE1,0.5,990.0001847399863,1424.5960917564043,-44.337070499999996,-7.34978435,-28.205840000000002,-7.90077255,-14.671835999999999,-15.4432625,0.32799923,-26.0310785,8.825112,0.546724465,9.389894,-30.6886215
F03,AE1,0.75,911.6240062639845,1422.0397369111572,-44.381181999999995,-7.2262917,-28.310297,-6.300269,-14.780922499999999,-12.541544,0.90114715,-23.768411999999998,9.089483,0.56512305,10.3167495,-28.0343685
F03,AE1,1.0,848.3318555021959,1417.0411026589127,-44.1138555,-7.2509897500000005,-27.9295095,-4.9583095,-14.5916385,-8.532269,1.40239635,-21.8262295,9.499964,0.590598465,11.136277,-25.621741
F03,AH1,0.0,771.1727925937362,1374.4267463791746,-44.118153,-6.900617,-27.829453,-7.4841437,-13.985708,-11.97154,1.1965784,-22.345217,9.881916,0.4761848,11.318301,-25.794783
F03,AH1,0.25,836.1525672589023,1363.690637101449,-44.56816,-6.9401317,-28.252895,-7.9604926,-14.3119955,-12.790427,1.0362785,-22.729155,9.858363,0.40826225,11.193456,-26.434889
F03,AH1,0.5,844.0060985704708,1347.2879726967549,-44.766476,-7.166869,-28.526106,-8.081194,-14.704622,-12.828566,0.9860776,-22.84588,9.849163,0.38501874,11.230088,-26.03494
F03,AH1,0.75,800.3324329621862,1343.615957035456,-44.747093,-7.193444,-28.484104,-7.2371783,-14.721181,-11.850299,1.1779814,-22.249014,9.907553,0.40519145,11.341972,-25.015121
F03,AH1,1.0,739.7958688263112,1358.099706027958,-44.534348,-7.307645,-28.305403,-6.371266,-14.526965,-10.027006,1.3904655,-21.551765,9.993699,0.46496627,11.589063,-24.1364
F03,AO1,0.0,727.3781539227459,1222.361710074359,-45.6335435,-4.1676967000000005,-29.403404000000002,-6.06746935,-16.637283,-13.1354265,1.21206215,-22.810465999999998,11.560580999999999,-0.093014605,11.832635499999999,-23.857441
F03,AO1,0.25,756.5558049706972,1164.2092114458005,-46.55384,-4.44313335,-30.1166725,-5.6100742,-17.843049999999998,-14.2751105,0.81407885,-23.7647635,11.6182415,-0.135924555,11.5505815,-24.612808
F03,AO1,0.5,783.1045363670794,1140.602331866701,-47.083511,-4.357535349999999,-30.664852,-3.7180171,-18.688975,-13.510974000000001,0.7215443749999999,-24.1312075,11.370645,-0.1654208,11.57986025,-24.84976
F03,AO1,0.75,782.1771830976984,1153.7098926571189,-47.337785499999995,-4.5194053499999995,-31.067812,-2.21935225,-18.74635,-11.18960025,0.93922955,-23.344992,11.0549075,-0.130092355,11.7362965,-24.7392375
F03,AO1,1.0,760.6171596583656,1198.1624422694535,-46.925892000000005,-5.319323799999999,-30.6158285,-1.45699375,-18.602413,-8.550699,1.2204192,-22.371374,10.6180445,-0.047424893999999995,11.8013405,-24.23468
F03,EH1,0.0,758.8649600098086,1477.9364255188805,-43.668392,-7.082148,-27.514515,-5.405942,-13.75754,-11.55131,1.3633307,-22.822811,9.1265135,0.70466244,10.533544,-27.31474
F03,EH1,0.25,818.2911683087673,1481.8722280923512,-44.096966,-7.088201,-27.99046,-5.6699133,-14.293832,-12.407813,1.131857,-23.414383,9.059046,0.62945825,10.394473,-28.2361
F03,EH1,0.5,837.2220873967541,1470.0932229349046,-44.417427,-7.2855306,-28.478598,-5.9841995,-14.816511,-11.765591,1.1549207,-23.286646,9.099079,0.63185143,10.458277,-28.012644
F03,EH1,0.75,796.4901402925157,1453.6296725244645,-44.448708,-7.6301303,-28.677195,-5.4375663,-15.207817,-10.020462,1.4571872,-22.581642,9.277223,0.6370419,10.881989,-27.015339
F03,EH1,1.0,749.1603245123506,1447.5708708054117,-44.082096,-7.871557,-28.653854,-4.607958,-14.999664,-7.830527,1.7533398,-21.531378,9.51614,0.6470407,11.421205,-25.73079
F03,IH1,0.0,638.3942041768017,1610.1862080545325,-43.110706500000006,-5.362617,-26.841939,-2.1582405500000004,-13.3594085,-9.6977175,1.9497942,-21.1179505,9.39928875,0.89036245,11.3321605,-25.9696595
F03,IH1,0.25,656.3633529101571,1635.561054770099,-43.336963,-5.1489005500000005,-26.9910785,-2.0784605000000003,-13.364018999999999,-9.671922,1.9235470499999998,-21.164026,9.381944,0.7998593,11.316162250000001,-26.0505875
F03,IH1,0.5,661.2453506443588,1604.0148714916527,-43.5724525,-5.09291505,-27.1557375,-2.12162325,-13.56176,-9.400078,1.9822677,-21.061657,9.4191015,0.7648979149999999,11.463903,-25.907463999999997
F03,IH1,0.75,654.7197997684955,1572.6786229300783,-43.65516100000001,-5.4708685,-27.360157,-2.3297916499999998,-13.571793,-8.78646075,2.07873035,-20.8152575,9.53605375,0.71993167,11.656947500000001,-25.508412
F03,IH1,1.0,645.659802325107,1561.2218074820382,-43.6836755,-5.9851897,-27.274720000000002,-2.6525480999999997,-13.435902,-8.226697999999999,2.13263385,-20.5079715,9.71879,0.70064137,11.8185825,-25.11524
F03,IY1,0.0,537.3915860561467,1766.6933471071973,-42.7194,-1.9935309,-25.283094,1.3622091,-11.960791,-8.779836,2.1732955,-20.365583,9.054601,0.8318851,11.086802,-26.218515
F03,IY1,0.25,531.0016396468206,1828.058507588284,-42.903435,-1.2062516,-25.21179,1.7420692,-12.033346,-9.026415,2.2030478,-20.492012,9.035443,0.8631703,11.11363,-26.449121
F03,IY1,0.5,529.3138397936848,1831.9841650987694,-43.101723,-0.80477977,-25.341208,1.724014,-12.287558,-8.963108,2.1873097,-20.439709,9.161517,0.8598834,11.283888,-26.323345
F03,IY1,0.75,524.5792507127335,1785.8214506232596,-43.13696,-1.182023,-25.635971,1.3520553,-12.562635,-8.691777,2.2915373,-20.322042,9.41889,0.77373683,11.529472,-25.637728
F03,IY1,1.0,531.4922397374916,1725.8230657473125,-43.177135,-2.4714239,-26.100975,-0.12519205,-13.1249275,-8.290816,2.3789628,-20.110472,9.792118,0.71621203,11.854703,-25.105736
F03,UH1,0.0,651.8136092644372,1381.1905441925553,-45.30479,-3.8619641,-28.953207,-4.067362,-16.09358,-11.69112275,1.8993402,-20.613477500000002,11.426356,0.38747849,12.6038675,-23.6050675
F03,UH1,0.25,678.7405296676003,1375.4780710988139,-45.689010999999994,-3.54753365,-29.198000999999998,-3.98348465,-16.1294895,-11.330312,1.83815855,-20.5890075,11.45843475,0.36533752,12.5862795,-23.7143135
F03,UH1,0.5,672.4033881757787,1383.129372843439,-45.850117499999996,-3.4293511,-29.4252265,-3.413874,-16.2810935,-10.3295745,1.7123154,-20.606487,11.287252500000001,0.31996608000000004,12.6534205,-23.674653
F03,UH1,0.75,667.9309030595635,1384.7810411044188,-45.922954,-3.67350125,-29.485234499999997,-2.7911731,-15.9644335,-8.987414999999999,1.7721923,-20.511146500000002,11.0582355,0.21493811499999999,12.64871525,-23.461444
F03,UH1,1.0,656.1724248113043,1380.7471480841346,-45.6509415,-4.17713235,-29.1565215,-2.1296832500000002,-16.1293185,-7.6413322,1.78190735,-20.425186,10.7721435,0.17969771,12.4746685,-23.512672000000002
F03,UW1,0.0,542.9045532274082,1504.7101735744768,-43.756994500000005,-1.89396825,-27.099926,0.168095485,-14.68171075,-8.831861499999999,2.2162335,-19.854883,11.883522,0.11015027,12.3951445,-23.211166
F03,UW1,0.25,543.4119871397544,1441.6646564885705,-44.0683175,-1.3968572,-27.2848465,0.29904875,-14.902521,-9.0482515,2.18923165,-19.8724135,11.910779,0.0807891,12.41480975,-22.6618605
F03,UW1,0.5,541.6579993121527,1388.1733952862319,-44.4046095,-1.1236625,-27.5870345,0.0390275745,-15.188078,-9.291574,2.16449215,-19.917658,11.832422000000001,0.0016291943000000001,12.409044,-22.1562515
F03,UW1,0.75,537.4937675860851,1369.4271216051045,-44.467683,-1.31930765,-27.6587055,-0.7373925450000001,-15.376265,-9.1377605,2.14083775,-19.867597,11.597296499999999,-0.077966147,12.350513,-21.8809555
F03,UW1,1.0,535.3698008734802,1411.2584699499603,-44.213435,-2.2692167999999997,-27.57442,-1.8820450000000002,-14.7460015,-8.6534485,2.0336972500000003,-19.869139,11.256980500000001,-0.077018593,12.2591605,-21.9251295
F04,AA1,0.0,771.8656126808906,1261.5446846777304,-48.79373,-2.5244298499999998,-32.6548415,-7.670179149999999,-21.2677165,-13.3984285,-3.59785235,-22.681953999999998,9.038781499999999,6.32459625,6.3828263,-29.951322500000003
F04,AA1,0.25,851.5625673899456,1204.6888147883674,-49.417486499999995,-3.28670285,-33.1924965,-8.971611,-21.7970265,-15.9218505,-4.23287825,-24.515202,9.061485,6.2163784500000006,5.30288425,-32.7288475
F04,AA1,0.5,862.7516253879623,1202.8048465699324,-49.477126,-3.26031295,-32.8095415,-8.7444135,-21.281004,-14.514903,-4.097357649999999,-24.3989015,9.0181825,6.02029135,5.34464335,-32.492914999999996
F04,AA1,0.75,827.1052038354115,1229.3381412341685,-48.684665499999994,-2.63431215,-32.001067500000005,-6.05009675,-20.641945,-11.031907,-3.3461758,-21.9246925,8.9615295,6.0341527500000005,6.2586055,-29.8665135
F04,AA1,1.0,785.1891565283988,1255.5621854231485,-47.9526085,-1.5658370000000001,-31.350870999999998,-2.5833798999999997,-19.854261,-7.2371362,-2.56074465,-19.6897205,8.8919975,6.065860499999999,7.3727352,-26.716309
F04,AE1,0.0,756.6633139398708,1446.8008249975005,-43.286076,-3.053311,-26.16182,-10.258436,-14.961028,-15.227752,-3.5556715,-24.393557,7.131239,6.8431125,3.1176717,-34.61676
F04,AE1,0.25,901.4910925805015,1419.2676544952842,-43.9722,-3.9177053,-27.033306,-11.872358,-15.700899,-18.465862,-4.3494754,-27.43463,7.0828047,6.7815223,1.6480912,-38.413906
F04,AE1,0.5,914.1583095236618,1401.4163100917992,-44.60381,-4.1646547,-27.536291,-10.892659,-16.065924,-18.100224,-4.1824346,-26.418032,7.0117188,6.6746573,2.0921986,-37.448177
F04,AE1,0.75,846.6576308226898,1413.955136322599,-44.841896,-2.9728029,-27.487558,-7.8070626,-16.092543,-13.573613,-3.2897332,-22.354214,7.1526046,6.748956,4.229201,-32.706295
F04,AE1,1.0,763.9485782805166,1414.3289941895405,-44.57768,-1.7484512,-27.476389,-4.378324,-16.5092,-7.626373,-2.4330182,-19.085594,7.362,7.015096,6.438501,-28.018087
F04,AH1,0.0,653.8063245903095,1368.8953717168251,-45.462583499999994,-3.0727421,-28.4026245,-8.432075999999999,-16.5116825,-11.54182,-2.6222477499999997,-18.932181,8.768825,6.57941125,6.90857615,-27.292180000000002
F04,AH1,0.25,716.1947843699805,1324.882440393072,-46.216454,-3.60461735,-29.129258999999998,-9.292543,-17.166794,-13.2997355,-2.89164295,-19.3772145,8.7284595,6.39669035,6.7147134,-27.841198
F04,AH1,0.5,711.3329923654817,1321.1665406355219,-46.473926500000005,-3.585919,-29.3898365,-9.3603465,-17.272191499999998,-13.575072500000001,-2.88133345,-19.3146895,8.712068,6.2197207500000005,6.8650835,-27.513982
F04,AH1,0.75,677.3796535026647,1335.4956154955744,-46.147613,-3.1683631,-29.1586255,-8.1204955,-17.451619,-11.95322075,-2.68961425,-18.7668325,8.7313385,6.162744050000001,7.27492475,-26.209733
F04,AH1,1.0,640.7147617630146,1362.6685404493992,-45.685327,-2.60180475,-28.935039500000002,-6.8676770000000005,-17.225521,-9.270316,-2.41165355,-18.204325,8.7604465,6.21220325,7.7973685,-24.865056000000003
F04,AO1,0.0,661.6520299100589,1277.0357373811967,-48.367146500000004,-1.1142449,-32.1840575,-6.785129550000001,-20.637029,-11.5476985,-3.1633309499999998,-20.2371425,10.159683000000001,5.262665650000001,8.0796305,-25.090441
F04,AO1,0.25,741.2658098461604,1122.7142108180124,-49.885775,-1.04393585,-33.7447455,-7.4719088,-22.312825,-13.792163,-3.74118225,-21.761668,10.067574,4.89899585,7.32554685,-26.8559475
F04,AO1,0.5,774.9707142060395,1099.434381750299,-50.800198,-0.49186456,-34.738673,-6.9385087,-23.869487999999997,-13.529056,-3.8619965499999998,-22.201212499999997,9.8586275,4.8112833,6.88012065,-27.676598
F04,AO1,0.75,759.290473772676,1113.676618431523,-51.116564,0.29138961500000005,-35.092008500000006,-3.1358049,-24.3539075,-10.946414,-3.327092,-20.886978,9.6088895,4.8283405,7.045116650000001,-27.246371500000002
F04,AO1,1.0,712.5507225360897,1186.8196032409433,-50.504795,0.399375155,-34.314481,-1.39606875,-23.6137695,-7.6742732,-2.7355545,-19.2947935,9.3836125,5.179106,7.465104999999999,-26.124629
F04,EH1,0.0,644.4336426505304,1461.975633378354,-43.41094,-1.9391482,-26.286283,-6.362552,-15.027807,-12.492243,-2.5028098,-20.839394,7.5019035,7.033536,5.1743774,-30.788239
F04,EH1,0.25,744.7432885536148,1460.0442914125042,-44.216705,-2.079955,-27.037725,-7.213033,-15.669368,-13.784782,-2.8503501,-22.115242,7.4650884,6.904016,4.253352,-32.84918
F04,EH1,0.5,770.3039310486967,1450.3627853471323,-44.739803,-2.3032708,-27.537455,-6.575294,-15.883647,-12.85804,-2.8670719,-21.679535,7.4745774,6.785522,4.379153,-32.49855
F04,EH1,0.75,729.073432784174,1439.0759189915927,-44.954754,-2.203986,-27.903608,-4.9014482,-16.278027,-10.3036995,-2.5771089,-20.147238,7.5728045,6.8304358,5.2985363,-30.361282
F04,EH1,1.0,674.033659148082,1430.4829669952194,-44.907547,-1.5869504,-28.229984,-3.2623453,-16.669453,-7.1503077,-2.212644,-18.640144,7.7774944,6.9271345,6.591836,-27.732378
F04,IH1,0.0,572.7778188465976,1520.436415637134,-43.66136,1.2728201,-25.891209,-2.6559768,-14.628042,-10.201031,-2.0998504,-18.038326,7.883448,7.1184793,5.908,-28.48766
F04,IH1,0.25,584.0860026926366,1529.4660241865784,-43.82979,1.7733946,-26.153238,-2.5055685,-14.75581,-10.428396,-2.1304603,-18.004696,7.85928,7.091835,5.7498956,-28.972504
F04,IH1,0.5,583.5872498396567,1525.5738938156799,-44.04814,1.6140202,-26.472874,-2.3708348,-14.917789,-9.825605,-2.0867321,-17.821777,7.8993893,7.0391645,5.968232,-28.609913
F04,IH1,0.75,571.8203881916098,1508.081597285576,-44.059402,1.2373089,-26.50409,-2.13864,-15.02128,-8.503976,-1.9538459,-17.445423,7.9397116,7.0063076,6.5442805,-27.609167
F04,IH1,1.0,556.2486436984977,1496.3270144923486,-44.054462,0.6872808,-26.469286,-2.1949043,-14.892901,-7.1719213,-1.7900277,-17.133415,8.107415,7.0232,7.1482944,-26.532637
F04,IY1,0.0,498.39625022666826,1621.1224773745134,-41.6286015,7.4119072,-23.107996,0.10764928800000001,-12.8561455,-9.132638499999999,-1.8391548000000002,-17.1997605,7.6316886,7.27240475,5.5788077000000005,-29.1704045
F04,IY1,0.25,502.37815458643627,1674.5076794032789,-41.638489,8.275923500000001,-23.126611,0.65814418,-13.1736115,-10.871462000000001,-1.94452545,-17.672458499999998,7.6729945,7.1360605,5.0713738,-30.396763
F04,IY1,0.5,506.3720050755245,1679.4278814735087,-41.7155495,8.33575225,-23.349552,0.8651548,-13.372143999999999,-10.9383065,-1.89476785,-17.718821,7.8868185,7.0419782,5.424640999999999,-30.137397999999997
F04,IY1,0.75,495.35353296835456,1636.499638386601,-41.900215,7.6518330500000005,-23.839895,0.53801385,-13.37359125,-9.4137785,-1.81661075,-17.397955,8.0870575,6.95938585,6.38274365,-28.32427
F04,IY1,1.0,495.2166535254572,1594.2302929456546,-42.1391,5.5650105,-24.663989,-0.5458193650000001,-13.7305345,-7.87530265,-1.66437835,-17.005633500000002,8.520351000000002,6.8328207,7.5047722,-26.444125
F04,UH1,0.0,594.5433927449224,1363.4632483682774,-47.9200235,0.5776904199999999,-30.9479095,-5.303794,-19.566102,-12.6453015,-2.3460326,-17.8285915,9.8650595,6.22304785,7.414808750000001,-26.043413
F04,UH1,0.25,611.453656996913,1368.20281621899,-48.423421,1.24735105,-31.3600845,-5.058308,-20.076220499999998,-11.941680999999999,-2.41958775,-18.099517,9.7971355,6.2284272000000005,7.144019,-26.4519415
F04,UH1,0.5,616.8622234302513,1376.491520685197,-48.508257,2.1325431,-31.476318,-3.9211906,-20.080988,-11.2010085,-2.4029943,-18.010844,9.6940725,6.13625665,7.034498449999999,-26.5252605
F04,UH1,0.75,600.0424616503196,1374.0783708163265,-48.264169499999994,2.62932025,-31.0077505,-2.0088673999999997,-19.8521015,-9.4585685,-2.3737633000000002,-17.827115,9.485177499999999,5.93819185,7.144767549999999,-26.468049999999998
F04,UH1,1.0,588.6967939548477,1362.8577113069123,-47.5771925,2.69663175,-30.2000065,-1.6694349000000002,-19.357765999999998,-7.7295023,-2.2473843000000002,-17.472345500000003,9.244284,6.1255325,7.408470250000001,-25.712659
F04,UW1,0.0,527.4230183198281,1502.5205015258105,-44.115076,4.95278415,-27.414321,-1.2010480000000001,-16.219953500000003,-9.469886500000001,-1.44652435,-16.612001499999998,10.6915315,5.241051000000001,8.8978355,-23.948114
F04,UW1,0.25,532.2907897790279,1434.1424153330086,-44.181892500000004,5.64338135,-27.5052605,-2.14529935,-16.3796915,-10.726569,-1.50279935,-16.66242,10.790752000000001,4.8171248,9.0936925,-23.5416135
F04,UW1,0.5,530.9332018160076,1379.0806873535653,-44.100615000000005,5.1262143,-27.353551000000003,-3.1636922,-16.1687995,-11.214151000000001,-1.53230985,-16.678827,10.800744,4.367566699999999,9.3415425,-22.7634065
F04,UW1,0.75,513.670428462882,1370.2310814231923,-44.121868500000005,4.02847385,-27.4763045,-4.153064499999999,-16.152545,-10.3328635,-1.6102314,-16.797836500000003,10.7912575,4.13999415,9.471349,-22.3851425
F04,UW1,1.0,504.1592302799181,1420.630024205675,-43.890454000000005,2.6675934000000003,-27.2592595,-4.39703525,-15.513992,-8.80461725,-1.70412365,-16.849535000000003,10.5188705,4.29887735,9.3125955,-22.329909999999998
M01,AA1,0.0,742.4809066399292,1191.7961819028,-43.536522,-9.624458,-27.90764,-11.982341,-18.484627,-15.066469,-0.9359087,-24.757046,12.555669,1.7318779,11.635772,-28.433924
M01,AA1,0.25,774.9396911232607,1139.662913072339,-44.40508,-9.775288,-28.471249,-12.602319,-18.865816,-15.899505,-1.1336116,-25.696802,12.505624,1.699058,11.428372,-29.54135
M01,AA1,0.5,773.2353993340432,1143.5254449691845,-44.662846,-9.1396885,-28.903742,-12.085429,-19.506529,-15.002812,-1.1040843,-25.667875,12.500452,1.6189421,11.493586,-29.554237
M01,AA1,0.75,745.8132496596083,1177.184633601273,-44.25165,-7.524826,-28.878185,-10.244127,-19.805424,-12.882995,-0.84132636,-25.001087,12.4700365,1.4565135,11.679569,-28.486233
M01,AA1,1.0,721.392211347981,1216.5764438379447,-43.06768,-6.6022406,-27.891521,-8.424076,-19.624441,-10.629543,-0.5500829,-23.994806,12.461396,1.4091516,11.94203,-27.365242
M01,AE1,0.0,695.0895931942462,1395.2909175971677,-39.351395,-7.845194,-23.852743,-12.592145,-14.456351,-15.304201,-1.1480728,-25.661564,11.451177,1.8593798,10.486493,-30.340883
M01,AE1,0.25,742.2110914580961,1386.2290492020159,-39.720234,-8.271573,-24.41279,-13.304028,-15.058386,-16.48249,-1.4018819,-26.64718,11.318173,1.8340186,10.150199,-32.176476
M01,AE1,0.5,756.0803410172971,1373.534302197499,-39.995617,-8.304131,-24.808828,-12.726717,-15.368753,-16.055658,-1.3363831,-26.364357,11.282476,1.7900107,10.276953,-31.861635
M01,AE1,0.75,718.037726471266,1372.0588760827588,-39.889805,-7.8183656,-24.785303,-11.483039,-15.255966,-14.007533,-0.9377318,-25.224474,11.358694,1.7588607,10.633367,-30.340532
M01,AE1,1.0,694.6009501934603,1375.902757997606,-39.32908,-7.4072356,-24.608715,-10.0873165,-15.161799,-10.699856,-0.51287705,-23.710793,11.495854,1.8255874,11.166787,-28.479897
M01,AH1,0.0,672.4144587014872,1249.2677189042586,-41.008520000000004,-10.726855,-24.3869715,-13.308147,-14.4112775,-13.6605585,-0.5409866000000001,-23.724518500000002,12.5352435,1.58454925,11.986122,-27.3125125
M01,AH1,0.25,699.6986029908164,1228.7371669525933,-41.656326,-10.608408,-25.126161500000002,-13.739446999999998,-15.037052,-14.893398000000001,-0.63061305,-23.9453925,12.511133999999998,1.4417777,11.878612,-27.7174905
M01,AH1,0.5,703.1744526452717,1217.0209162659485,-42.0052865,-10.329099,-25.5147835,-13.813325500000001,-15.50799625,-15.292667,-0.6167380499999999,-23.848486,12.449092499999999,1.42553175,11.839768,-27.535429
M01,AH1,0.75,684.704631636813,1225.1630392644888,-41.795139,-9.885102,-25.5936125,-13.318157,-15.700273,-14.804789,-0.518632875,-23.47873,12.44961,1.355091,11.905186,-26.7807015
M01,AH1,1.0,665.2781458377685,1258.1832086337263,-41.178765999999996,-9.4589575,-25.441986,-12.466955,-15.7094755,-13.8572255,-0.41209065,-23.052989,12.475293,1.4014576,12.0699845,-26.1273065
M01,AO1,0.0,726.7613936542529,1196.982280440629,-42.686287,-8.836310000000001,-27.6721925,-11.966182,-18.550296000000003,-14.041919,-0.41992512000000004,-23.547223000000002,13.210498,1.14487365,12.369401,-25.436450999999998
M01,AO1,0.25,715.8661094912978,1045.9217111620605,-44.17805,-7.6560095,-28.7695285,-12.165534000000001,-19.781225,-15.419936499999999,-0.59759015,-24.2130955,13.2101605,1.01730045,12.1930045,-26.124174
M01,AO1,0.5,726.7598265185379,1038.6050170814265,-45.061302,-5.79888915,-29.500204500000002,-9.931292,-21.0955115,-14.973596,-0.646554875,-24.41749,13.167788999999999,1.0050626999999999,12.1791935,-26.22694
M01,AO1,0.75,713.4309579265391,1075.0252077027676,-45.2317135,-4.4483288000000005,-29.498901500000002,-7.555595,-21.5245705,-13.193306499999998,-0.58000112,-24.094260499999997,13.039924,1.0191283,12.22891925,-26.045595
M01,AO1,1.0,699.4479558969717,1150.966900112424,-44.0946865,-4.1559752,-28.5330905,-5.9406519,-20.3218475,-11.061690500000001,-0.40767593,-23.5835655,12.82889975,1.14395465,12.337219000000001,-25.836565
M01,EH1,0.0,664.3163721533194,1393.1423261274822,-39.6628915,-8.446481,-23.924943,-11.538630000000001,-14.6209425,-14.27162,-0.7353042000000001,-24.7464535,11.602236999999999,2.0350551,11.183244,-29.222946
M01,EH1,0.25,692.8563956883702,1389.6582383344412,-40.0369465,-8.565999999999999,-24.409926499999997,-12.035710250000001,-15.1231845,-14.639483,-0.9314667999999999,-25.374448,11.49990975,1.98866035,10.909302499999999,-30.200114
M01,EH1,0.5,701.2979647448783,1388.9432267246186,-40.3010525,-8.453835000000002,-24.8814545,-11.4961695,-15.5800105,-14.06359025,-0.92086785,-25.281626,11.474359,1.877984,10.930414500000001,-30.148557
M01,EH1,0.75,681.6148340233651,1382.2861459535889,-40.2405225,-8.146885000000001,-25.040948,-10.3809,-15.5963455,-12.4857155,-0.65436735,-24.640075500000002,11.52179,1.87711635,11.161705999999999,-29.352733999999998
M01,EH1,1.0,656.0115729180719,1375.8636525591019,-39.748613000000006,-7.9141528,-25.018059,-9.025806500000002,-15.790419499999999,-10.5232405,-0.38752635,-23.787008,11.6013475,1.91436085,11.45168,-28.1858325
M01,IH1,0.0,584.6331928659255,1475.5817059607477,-38.434166,-4.976667,-23.136482,-9.338406,-13.903579,-12.423961,-0.4308861,-23.014975,11.733356,1.8810354,11.610526,-28.163609
M01,IH1,0.25,594.0280116824525,1476.1290161359998,-38.468334,-4.8048816,-23.235249,-9.221821,-13.998375,-12.4354925,-0.3936936,-22.993124,11.731456,1.8740098,11.597563,-28.13284
M01,IH1,0.5,591.2353564612781,1465.0706561554098,-38.511513,-4.963076,-23.27051,-9.246359,-13.999143,-11.871735,-0.36047086,-22.848997,11.736923,1.8754364,11.624384,-27.999685
M01,IH1,0.75,580.2570381526497,1448.0329594796394,-38.559795,-5.326293,-23.370787,-9.120194,-13.989009,-11.14316,-0.25139743,-22.638113,11.732961,1.9089245,11.731465,-27.640825
M01,IH1,1.0,559.4669623052529,1430.1263770017786,-38.456284,-5.9127116,-23.450237,-9.109948,-13.927191,-10.294987,-0.14892127,-22.400143,11.815897,1.9459082,11.840994,-27.068409
M01,IY1,0.0,498.10627579160575,1636.9989848339346,-36.997616,-1.1122239,-21.234367,-7.4435005,-12.516899,-11.907054,-0.18430069,-22.711262,11.750926,1.9799651,11.862511,-28.088587
M01,IY1,0.25,473.0464401175335,1643.8602921466243,-36.633015,-0.44620773,-20.981956,-7.021896,-12.528013,-12.275249,-0.19991976,-22.811647,11.67576,2.038081,11.750719,-28.526522
M01,IY1,0.5,466.1404708210436,1642.8792667708922,-36.59543,-0.4249559,-21.014084,-6.92057,-12.647132,-12.192901,-0.15565564,-22.77228,11.696935,2.0189645,11.723787,-28.4032
M01,IY1,0.75,467.16972071146745,1611.1390273817171,-36.656948,-1.1683744,-21.351633,-7.208954,-12.636628,-11.354707,-0.055696685,-22.538498,11.796031,2.0138774,11.846771,-27.820446
M01,IY1,1.0,469.71299562424053,1590.9317729619002,-37.314865,-3.0205665,-22.166183,-8.036553,-12.918357,-10.477572,0.042705663,-22.241035,11.930188,1.9082069,12.047944,-26.989933
M01,UH1,0.0,630.833966706762,1294.0287266052703,-41.048473,-6.635686,-26.24932,-11.676088,-17.282124,-15.0159,-0.30322403,-22.665964,12.807304,1.6594844,12.301407,-26.026157
M01,UH1,0.25,626.3534457930563,1290.6254943228762,-41.555172,-6.249352,-26.736652,-11.608113,-17.394773,-14.7295065,-0.3420333,-22.675695,12.757041,1.6400944,12.263574,-26.220291
M01,UH1,0.5,620.6227542746594,1279.525076042088,-41.982235,-5.5639806,-26.84037,-10.667964,-17.502235,-14.342913,-0.3570058,-22.704636,12.638643,1.6533635,12.174594,-26.272165
M01,UH1,0.75,610.8664576191828,1276.1165984892825,-41.819305,-4.9720416,-26.77409,-9.74139,-17.789246,-12.935247,-0.38444558,-22.685215,12.542536,1.6871767,12.087,-26.314402
M01,UH1,1.0,602.9618995209283,1273.7094572881965,-40.78827,-4.7707825,-26.600603,-8.943467,-17.380976,-11.440683,-0.38101202,-22.716679,12.514187,1.7153621,12.061137,-26.248325
M01,UW1,0.0,515.8616460592617,1484.16385602923,-38.6100675,-2.99963625,-23.4020535,-8.95816,-14.590202000000001,-12.6229085,-0.014599056999999999,-21.8700075,13.032713999999999,1.3688333,12.663025999999999,-25.0606795
M01,UW1,0.25,504.2761698545243,1413.811274240974,-38.6510525,-2.49371315,-23.834611,-9.345685,-15.178941,-13.647127,-0.00010915890000000002,-21.774256,13.0554535,1.2340881000000001,12.712313,-24.7405075
M01,UW1,0.5,496.502828360132,1326.8037141005611,-39.0670875,-2.8387096,-24.357819499999998,-9.844235000000001,-15.59713,-14.0004925,-0.045675416999999996,-21.719737000000002,13.12233,1.1488952000000001,12.700215,-24.194818499999997
M01,UW1,0.75,493.9402662462222,1322.2394737264526,-39.199564,-3.68253815,-24.705123999999998,-10.145409999999998,-15.4784945,-12.802241500000001,-0.0189871545,-21.6862165,13.061249,1.1069841500000002,12.718337,-23.902641000000003
M01,UW1,1.0,495.09750952975935,1398.359610960643,-39.232584,-4.79875465,-24.557892000000002,-10.324262000000001,-15.382779,-11.668754,-0.0133772035,-21.7249335,12.946683499999999,1.2047221499999998,12.7354035,-23.744797
M02,AA1,0.0,724.0284400368599,1178.5114834190217,-61.484988,-9.8144345,-40.0677185,-6.47580455,-17.8975985,-18.915692,-0.7244954,-24.9007625,11.4857025,5.955065149999999,13.12363,-29.973627
M02,AA1,0.25,744.5815975912578,1067.9522599682196,-62.294646,-10.56307,-40.894478,-7.517167199999999,-19.0786245,-20.043974,-1.0717615,-25.995669499999998,11.435063,5.77671785,12.7078105,-31.003331
M02,AA1,0.5,742.7027025914856,1083.7170049082974,-62.535285,-10.6677875,-40.906499499999995,-6.64407485,-18.622244000000002,-18.466436,-1.09921635,-25.8153455,11.522463,5.56898715,12.74926825,-30.604091
M02,AA1,0.75,719.5709178486759,1118.1939860905932,-61.946308,-9.3876515,-40.1896735,-3.7960572,-17.317787000000003,-15.508798500000001,-0.693314,-24.489637000000002,11.5413925,5.4151955,13.202749749999999,-28.614597500000002
M02,AA1,1.0,695.6092486106816,1158.8322139245374,-60.912546000000006,-8.199788,-38.818166500000004,0.3699562,-16.056766500000002,-12.5825695,-0.038248633000000004,-22.890152,11.625735500000001,5.424822499999999,13.954877,-26.517792999999998
M02,AE1,0.0,652.012715803146,1330.0118483217013,-56.884377,-10.410824,-34.92059,-5.1214423,-13.201265,-17.850739,-0.4499975,-27.069113,9.458726,6.3178177,11.350348,-32.916973
M02,AE1,0.25,718.3844373240537,1297.090586148695,-57.680965,-10.945903,-35.56634,-6.8167953,-14.277367,-19.174517,-0.74552107,-28.256578,9.328811,6.2437367,10.7531595,-34.971226
M02,AE1,0.5,728.5416653716148,1281.5953267281857,-58.30214,-10.882745,-36.378498,-6.7585387,-14.611957,-18.408531,-0.6464966,-27.499792,9.534749,6.1122055,11.182431,-34.20374
M02,AE1,0.75,693.503568828205,1294.0305613498804,-58.288048,-9.835799,-36.735256,-4.7402177,-13.880946,-14.364283,-0.23030587,-25.326694,9.785361,5.9414935,12.068622,-30.72243
M02,AE1,1.0,655.3815310455682,1309.273177340619,-57.27522,-8.824747,-35.84641,-2.2070754,-12.461205,-8.945212,0.33120567,-22.639042,10.249122,5.8526406,13.438084,-27.03581
M02,AH1,0.0,646.8336681301136,1199.8958135187181,-58.6307635,-9.987891000000001,-36.7246305,-6.43102695,-13.24900275,-14.3071615,-0.029023533499999997,-23.434164000000003,11.1022075,6.164994,13.5937985,-27.961381
M02,AH1,0.25,671.5251591727439,1162.2539034603847,-59.446579,-10.6665605,-37.632912000000005,-7.596889,-14.1271945,-15.45019325,-0.228842125,-23.566687,11.095174,6.058358350000001,13.449257,-28.342438
M02,AH1,0.5,664.8556946008729,1159.0389680223138,-59.330799,-10.819796499999999,-37.605162,-7.2000598,-13.9888605,-14.931899000000001,-0.061976090000000005,-23.0234375,11.2180815,5.93185085,13.6535115,-27.4875125
M02,AH1,0.75,641.0192793710139,1171.8099620616872,-58.751810000000006,-10.3292115,-37.222008,-6.362128,-13.26300925,-12.77886425,0.213268125,-22.293985499999998,11.302475999999999,5.8717877000000005,14.0200155,-25.824599
M02,AH1,1.0,622.9253345150314,1201.8118728783506,-57.9269125,-9.7184565,-36.4432945,-4.7436637,-12.283463000000001,-9.5347765,0.541147125,-21.5570565,11.3595335,5.842523099999999,14.5490315,-24.3969695
M02,AO1,0.0,688.1734176128697,1275.5637355835765,-60.60934,-6.892128,-39.298477,-5.694962,-16.353922,-16.224358,-0.06976725,-23.36672,12.939237,5.254627,14.51075,-25.558697
M02,AO1,0.25,699.8637393599927,1021.7743297939375,-62.930954,-6.5723767,-41.462746,-6.8096533,-19.634014,-19.297112,-0.6795511,-24.704435,12.893887,4.9939647,13.914647,-27.304222
M02,AO1,0.5,719.5268020279519,1033.032767971987,-63.97682,-6.479702,-42.297657,-4.4713197,-20.767265,-19.077744,-0.9066554,-25.024714,12.591599,4.887864,13.709727,-27.57511
M02,AO1,0.75,720.7012666546032,1062.9514304377967,-63.716423,-6.296506,-41.85597,0.09430824,-19.576899,-16.34738,-0.6866359,-24.275784,12.283108,4.978658,13.768687,-26.73633
M02,AO1,1.0,696.3288536043241,1148.5274493074248,-61.76001,-5.764909,-39.858944,2.3313847,-17.143105,-12.917337,-0.24942017,-22.752193,11.978786,5.1758647,14.114588,-25.414877
M02,EH1,0.0,596.2222271612384,1367.444596797156,-57.076431,-10.417795,-35.7987685,-3.02868965,-12.813189,-13.302961750000001,0.138699455,-23.513355,10.234444750000002,6.5202135,12.764223999999999,-29.359175
M02,EH1,0.25,629.3608371294898,1345.2293212300265,-57.6057435,-10.755678,-36.457161,-3.46799015,-13.4247495,-14.135013,0.0013161135999999998,-23.825939,10.136274499999999,6.5140389,12.5780195,-30.091727499999998
M02,EH1,0.5,636.0071976509828,1344.886987434079,-58.0365915,-10.8046285,-36.978994,-3.2859331999999997,-13.71804925,-13.352238,0.07664338500000001,-23.509248499999998,10.1393475,6.37936735,12.7591215,-29.894955
M02,EH1,0.75,624.8462450198635,1340.3438049067,-57.979505,-10.396294000000001,-36.976258,-2.39639785,-13.38371,-11.34711,0.23978869000000003,-22.7603285,10.292195,6.2341752,13.105191,-28.6491095
M02,EH1,1.0,600.6809012357796,1342.3313859477075,-57.455526,-9.7815245,-36.646633,-1.4116819999999999,-12.489198,-8.566600999999999,0.51709479,-21.8628285,10.567457999999998,6.133316799999999,13.660741000000002,-27.042510999999998
M02,IH1,0.0,531.0415087400316,1418.7287193929703,-56.32178,-7.5349293,-34.616367,0.31232598,-11.777329,-11.928722,0.5254293,-21.906197,10.502506,6.4501433,13.54011,-27.283314
M02,IH1,0.25,543.10508662066,1413.7777747875884,-56.541527,-7.369818,-34.7459,0.19163913,-12.017818,-12.397208,0.46294293,-21.98335,10.481278,6.4144616,13.493286,-27.412
M02,IH1,0.5,543.0882049977117,1406.0182756649137,-56.72638,-6.749465,-34.900387,0.34599143,-12.019593,-11.997615,0.5896312,-21.739243,10.535806,6.364906,13.626816,-27.114529
M02,IH1,0.75,533.4937577900848,1397.993561484854,-56.8057,-6.684291,-34.99348,0.45703292,-11.850106,-10.787543,0.7959538,-21.313904,10.65813,6.271337,13.89123,-26.317854
M02,IH1,1.0,521.1205197660714,1394.6133300453935,-56.87046,-6.9557824,-35.205276,0.8449744,-11.460955,-9.234682,0.99069804,-20.782108,10.85935,6.216968,14.234477,-25.46711
M02,IY1,0.0,459.29678210490306,1537.338380900271,-56.0800095,-2.5183573,-32.7346675,4.3763648,-10.521916000000001,-10.60409975,0.8533321700000001,-21.105069,10.3294455,6.55540565,13.7873105,-27.628605999999998
M02,IY1,0.25,442.6071349815908,1538.493316370821,-56.5772225,-1.15415575,-32.5714605,4.85797695,-10.5986285,-11.401424500000001,0.8097544350000001,-21.249878000000002,10.375473,6.6083336,13.6056285,-28.0254385
M02,IY1,0.5,433.3803064751461,1547.5970509202778,-56.833017,-0.427070305,-32.627433999999994,5.0598485,-10.577879,-11.148751,0.9009009750000001,-21.091757,10.5099685,6.472446,13.847276,-27.2847985
M02,IY1,0.75,430.1516695673232,1532.7867957518206,-56.7254365,-0.57720445,-32.730097,4.72463825,-10.2188735,-10.2848905,1.0864644499999998,-20.4769965,10.774143250000002,6.26485465,14.3049985,-25.6496685
M02,IY1,1.0,439.2648289401699,1514.8337351644375,-56.625367499999996,-2.081839,-33.157135,3.2731084499999996,-10.297376499999999,-8.988963,1.31215935,-19.839115999999997,10.98280875,6.108377,14.8858625,-24.2858345
M02,UH1,0.0,571.4950825592484,1401.6436426972684,-59.02987,-4.862746,-36.10555,-1.0115439,-14.57888,-15.19655,0.69203115,-21.211222,12.060134,6.067105,14.643656,-25.994102
M02,UH1,0.25,562.8524911072554,1318.9085775215208,-60.507664,-5.132267,-37.012794,-1.2165682,-15.313946,-15.434802,0.5673184,-21.266708,11.993597,5.931061,14.36403,-26.328844
M02,UH1,0.5,561.4929171225739,1303.9270673587798,-60.631424,-4.283501,-37.471165,0.32293466,-15.67529,-15.160968,0.51601064,-21.275372,11.796871,5.8906946,14.278294,-26.47706
M02,UH1,0.75,553.9665011504818,1301.4348235108296,-60.24836,-3.6823778,-36.691597,1.9731021,-15.311049,-13.388155,0.52853245,-21.182793,11.747906,5.839513,14.41036,-26.21706
M02,UH1,1.0,553.4662566843106,1301.492473795086,-59.199055,-3.9081812,-35.580627,3.416594,-14.091382,-12.040877,0.5405272,-20.913239,11.713398,5.9039145,14.463209,-25.235758
M02,UW1,0.0,499.6105965163149,1471.6166207180356,-57.427623499999996,-3.7049415,-34.369697,1.7464391,-11.431296249999999,-11.7009495,1.6015401,-19.475368500000002,12.71317,5.7030160500000004,15.829378,-23.518859
M02,UW1,0.25,485.67270518209284,1388.5700254355525,-58.6116105,-3.1518353,-35.1247475,0.87584912,-12.6856485,-12.72267,1.5422015,-19.5807795,12.631003,5.5484475,15.8273415,-23.176095
M02,UW1,0.5,483.7192274804687,1320.4725411048387,-59.099864,-2.9260323,-35.4627115,0.46682423500000003,-12.9946255,-12.228418,1.50151585,-19.598714,12.5388125,5.4246453500000005,15.8616905,-22.375358
M02,UW1,0.75,479.6033618444713,1354.81963638873,-58.5741725,-3.6553155000000004,-35.420351,-0.14046347,-12.297570499999999,-10.7968245,1.4909134499999999,-19.594693,12.303811499999998,5.4461539,15.844112500000001,-21.675361000000002
M02,UW1,1.0,476.71710160366297,1412.5524285557217,-57.6820885,-4.9579773,-35.128198499999996,-0.757559,-11.214481,-9.158676,1.4131626,-19.7626865,12.1933995,5.582541,15.7625645,-21.784744
M03,AA1,0.0,756.3996195528114,1317.758020607294,-52.165077,-2.885147,-35.81381,-3.9504848,-19.075539,-12.678875,-2.3498542,-21.925028,12.125278,-1.5276266,6.18554,-29.149115
M03,AA1,0.25,782.7017863610398,1230.1661694114703,-52.802746,-3.5901802,-36.351418,-5.2653265,-19.579721,-13.825353,-2.6170623,-22.70009,12.054893,-1.572271,5.6626463,-30.406942
M03,AA1,0.5,790.1980229368285,1217.7157083057093,-53.18754,-3.710591,-36.58842,-4.7719975,-19.599722,-13.317071,-2.7489605,-22.881525,12.0216675,-1.6454283,5.4726815,-30.628702
M03,AA1,0.75,775.1444256715109,1241.48396043202,-53.06259,-3.101799,-36.58101,-2.662395,-19.973425,-10.590691,-2.6137624,-22.276464,11.964697,-1.7304317,5.8297215,-29.795343
M03,AA1,1.0,755.5760903115386,1271.8161591974933,-52.405056,-2.254981,-36.352905,-0.03961733,-19.878744,-7.2555494,-2.24357,-21.220984,11.957374,-1.7973511,6.236273,-28.368662
M03,AE1,0.0,739.118436670916,1407.4953172234768,-48.989986,-0.29970694,-31.1863295,-2.6462341499999997,-14.524020499999999,-12.6438105,-2.94318585,-23.3205205,10.7875275,-2.2076772499999997,4.251132,-31.647255
M03,AE1,0.25,777.3454095395635,1406.2375117365834,-49.4550175,-0.342300725,-31.8644695,-3.13323065,-15.286567250000001,-13.948825,-3.3060743500000003,-24.167886,10.764492,-2.2318933000000003,3.50532735,-33.221554
M03,AE1,0.5,791.6062556882356,1396.8330143798764,-49.691165,-0.34242751000000005,-32.338128999999995,-3.1078211,-15.6628695,-13.8701045,-3.244326,-24.046113,10.767496000000001,-2.2726610999999997,3.5788432500000003,-33.1888125
M03,AE1,0.75,764.0748349531909,1391.0447210239263,-49.572569,-0.0538371095,-32.487613,-2.1305186999999997,-15.8931565,-11.385275,-2.8712183,-22.910652499999998,10.848961,-2.31758355,4.397458,-31.3590495
M03,AE1,1.0,739.5975266050655,1386.9352637678153,-49.333929,0.25863022999999996,-32.4171675,-0.943725555,-16.15561,-7.14538505,-2.2397964999999997,-21.165141,11.0826295,-2.2069991,5.58289815,-28.879039
M03,AH1,0.0,709.5988179648167,1297.9265014374205,-50.377758,-3.4261744,-32.987446,-5.4598503,-15.347341,-10.6698,-1.9968482,-20.778149,11.658582,-1.719278,6.2622256,-28.50061
M03,AH1,0.25,735.5728726081675,1270.6953555271073,-51.12428,-3.7795095,-33.74529,-5.974399,-15.923017,-11.84399,-2.1456249,-21.121792,11.626847,-1.7706987,6.028843,-28.807077
M03,AH1,0.5,741.1596533683836,1264.9769420006905,-51.5829,-3.8268101,-34.264328,-5.9157934,-16.33912,-11.952422,-2.1643183,-21.15553,11.61588,-1.8511972,6.0866156,-28.625599
M03,AH1,0.75,732.8874885840886,1270.8224716339469,-51.3912,-3.6966116,-34.233746,-5.2826266,-16.703524,-10.9325075,-2.0737512,-20.801357,11.640097,-1.9442495,6.3825293,-27.789688
M03,AH1,1.0,726.1718478866512,1293.963660312889,-51.11488,-3.145271,-34.329887,-4.313437,-16.78918,-9.314595,-1.954971,-20.30754,11.730674,-1.9540511,6.7514386,-26.932894
M03,AO1,0.0,718.2836479496974,1310.970155831404,-52.575787,-1.611303,-35.906002,-4.127322,-18.926651,-11.941514,-2.1434944,-21.022202,13.065527,-1.5010344,7.034143,-26.899847
M03,AO1,0.25,730.9727842601548,1132.5264054996003,-53.729347,-1.8386546,-36.973587,-5.141765,-20.413322,-13.942343,-2.3806806,-21.849327,13.061936,-1.5326945,6.713472,-27.651184
M03,AO1,0.5,745.3642003582952,1114.3505349921345,-54.131,-1.8642622,-37.1573,-3.8689568,-21.101936,-13.596762,-2.483187,-21.977621,12.851847,-1.5412623,6.617325,-28.125937
M03,AO1,0.75,750.013929804062,1140.8992278337514,-53.788208,-1.284729,-36.68817,-2.0026925,-21.087755,-12.185443,-2.4440851,-21.754623,12.6374,-1.5577183,6.4279532,-28.12774
M03,AO1,1.0,736.8798275528936,1221.3017258723114,-52.790386,-0.76289785,-35.37687,-0.13107815,-19.812523,-9.472109,-2.1869907,-21.007498,12.482391,-1.5839905,6.537191,-27.517307
M03,EH1,0.0,684.9940474890188,1413.0727970434348,-48.682884,-0.17492916,-31.177517,-1.9444933,-14.1987295,-11.059039,-2.2179735,-21.467379,10.920247,-2.031467,5.288739,-29.914602
M03,EH1,0.25,714.6327012217251,1405.6197823266011,-49.10875,-0.2602262,-31.695866,-2.32777,-14.950698,-11.865964,-2.4204004,-22.020662,10.915134,-2.0619087,4.8787255,-30.838161
M03,EH1,0.5,726.2304180361133,1400.9025817340482,-49.60383,-0.43273535,-32.24079,-2.3122494,-15.46946,-11.510018,-2.464702,-21.878658,10.998533,-2.068854,4.815233,-30.796741
M03,EH1,0.75,720.9583388046328,1388.9807853084437,-49.758957,-0.59887636,-32.529984,-1.941887,-15.65669,-10.106362,-2.2668245,-21.472488,11.125408,-2.0947895,5.2132106,-29.961388
M03,EH1,1.0,700.1586220005271,1378.9607234166972,-49.677902,-0.68893045,-32.81141,-1.2793173,-16.036789,-7.6675477,-2.0392718,-20.719534,11.20245,-2.0459273,5.7624297,-28.68023
M03,IH1,0.0,580.4767993445939,1493.8518733215542,-48.445608,2.01466545,-30.654532500000002,0.8567587,-13.608542499999999,-9.32109,-1.76427595,-20.0104405,11.1897415,-1.7696464500000002,5.77333855,-28.493641
M03,IH1,0.25,585.9793263820582,1509.5432150724405,-48.603966,2.2686646,-30.9523705,0.8595771299999999,-13.7639675,-9.598327000000001,-1.7958777499999998,-20.0664855,11.188228500000001,-1.75075175,5.61100455,-28.696707500000002
M03,IH1,0.5,586.2085421011172,1503.847262795396,-48.780947,2.2057177,-31.1587345,0.9750733,-14.0085655,-9.2897675,-1.7695949,-19.973966,11.181991,-1.75413375,5.68511155,-28.541936
M03,IH1,0.75,578.0491434179869,1484.115468146968,-48.878837000000004,1.81906655,-31.3147315,0.98737025,-14.2273285,-8.50352325,-1.63656125,-19.6379735,11.294698499999999,-1.69504075,5.961465199999999,-27.9536895
M03,IH1,1.0,572.7019310448957,1466.8269091400698,-48.847806000000006,1.2867053,-31.416462,0.84026665,-14.2134965,-7.25440285,-1.5226245,-19.212188500000003,11.42065,-1.68898205,6.3289525,-27.239642
M03,IY1,0.0,500.1410105685969,1606.292737336354,-47.6259525,4.8208123,-29.3638335,3.6760706,-12.709996,-8.517391,-1.6536586999999998,-19.4910995,11.14097,-1.88709435,5.90302915,-28.308713
M03,IY1,0.25,466.4279588749419,1619.969518300493,-47.934885,5.7872325,-29.4349535,4.1600819,-12.999347499999999,-9.459449,-1.7139989500000001,-19.706543,11.121390000000002,-1.9290569,5.64274885,-28.718678
M03,IY1,0.5,456.9368963862677,1632.0753782847046,-48.237618999999995,5.9966022500000005,-29.811467999999998,4.367316649999999,-13.226731000000001,-9.1097385,-1.7397901,-19.5542895,11.16105,-1.97124715,5.775485,-28.520221499999998
M03,IY1,0.75,452.13737775562845,1603.4604236845212,-48.206274,5.709402,-30.232757,4.2384815,-13.2564095,-8.016388,-1.60601755,-19.156015500000002,11.3132145,-2.05950905,6.2617122,-27.431968500000004
M03,IY1,1.0,466.3218003444497,1578.23159869237,-48.1186635,4.395875,-30.569263,3.3003514000000003,-13.35062,-7.0080525,-1.41652585,-18.717972,11.497622,-1.9751447,6.8638612000000006,-26.1075545
M03,UH1,0.0,591.9904292101623,1336.0676312848846,-52.019203,0.5625017,-34.778683,-1.6269169,-18.055622,-11.1894,-1.6057227,-19.45448,12.858352,-1.4288949,6.928211,-26.442684
M03,UH1,0.25,587.295964516438,1257.9074711144783,-52.28546,1.0633081,-35.066093,-1.4569873,-18.767256,-11.282799,-1.681489,-19.549469,12.91357,-1.5445498,6.871832,-26.564764
M03,UH1,0.5,586.5181838211087,1236.241473299197,-52.66816,1.2689464,-35.474552,-0.7148595,-19.449091,-10.365528,-1.7207177,-19.525442,12.824813,-1.577541,6.7463264,-26.579247
M03,UH1,0.75,590.4414410398798,1277.0027390380967,-52.333626,1.0291353,-35.57219,-0.020847289,-19.637903,-8.588539,-1.7496719,-19.513905,12.678433,-1.6119398,6.8296413,-26.539854
M03,UH1,1.0,602.8991407554948,1291.544756271331,-51.882668,1.0107287,-34.852062,0.75437516,-18.95958,-6.2055135,-1.6844113,-19.397078,12.613617,-1.6100298,6.7319536,-26.536537
M03,UW1,0.0,519.5077318843264,1463.889013460516,-49.66075,3.0949256,-33.132145,2.2656195,-15.388485,-8.1193495,-1.1650548,-18.39935,12.731147,-1.3921982,7.0436845,-25.881685
M03,UW1,0.25,489.7201713371833,1410.4828164323585,-50.16435,3.5625174,-33.345253,2.2830386,-15.733354,-9.113362,-1.2289317,-18.54599,12.694491,-1.4350798,7.008619,-25.483917
M03,UW1,0.5,485.31022834678356,1361.377801726707,-50.650467,3.7925546,-33.550438,2.0931823,-16.102928,-9.081055,-1.2612878,-18.566256,12.548516,-1.5641686,7.1129866,-25.014912
M03,UW1,0.75,480.41800663449953,1347.678441182401,-50.93549,3.6942801,-33.43481,1.808548,-16.18687,-8.7591305,-1.3109804,-18.488478,12.474684,-1.5818033,7.1763577,-24.80731
M03,UW1,1.0,484.83563616825387,1379.7953028085267,-50.429764,3.0676339,-32.828056,1.0665596,-15.36868,-8.297483,-1.3308994,-18.454296,12.381682,-1.6395619,7.1108203,-24.973112
M04,AA1,0.0,742.0911687455882,1245.8500377081618,-45.963202,-6.8352208,-34.8461585,-7.3480905,-21.686391,-10.695780500000001,-3.1746615,-22.7418235,11.7318555,0.85391505,8.5241155,-25.6620835
M04,AA1,0.25,752.8813786929985,1160.0124091211542,-46.7221035,-7.58802245,-35.5802435,-8.045967000000001,-22.085191000000002,-11.834047,-3.3288817,-23.4754115,11.759062499999999,0.9522578500000001,8.420131999999999,-26.416460999999998
M04,AA1,0.5,765.4707151394234,1150.6798495270693,-47.1208465,-7.285182750000001,-35.64338,-8.016806500000001,-22.2443925,-11.081541999999999,-3.29118025,-23.514472,11.714599,0.843063775,8.439173,-26.477787
M04,AA1,0.75,753.8107350801604,1166.5768428983636,-46.7633635,-6.3779575,-35.276830000000004,-6.095413199999999,-22.541681,-9.0020825,-3.2031008,-23.0083685,11.639977,0.57130167,8.528535999999999,-25.8017365
M04,AA1,1.0,721.9158531388331,1191.3305303505306,-45.856605,-4.780313,-34.962447,-3.745244,-22.3467485,-7.102577350000001,-2.9587507000000004,-22.243353499999998,11.5576945,0.46209768,8.66915775,-24.8694325
M04,AE1,0.0,708.8485579876896,1376.5710735131418,-40.62253,-5.6895423,-29.19846,-6.949796,-16.870375,-12.01079,-2.8199284,-23.496603,10.540885,1.3988311,7.2715893,-27.844307
M04,AE1,0.25,752.0905235783949,1359.8038077520791,-40.934753,-6.5318294,-29.386833,-8.348594,-17.026962,-13.279026,-2.9798775,-24.466635,10.394291,1.6063403,6.9171953,-29.199492
M04,AE1,0.5,773.5279003052277,1329.4578209850708,-41.38663,-6.92688,-29.790863,-8.324236,-17.58425,-13.239537,-3.088553,-24.434044,10.383266,1.4520738,6.9316688,-28.901525
M04,AE1,0.75,763.838672420512,1316.9455995592289,-41.89843,-6.4323635,-30.616962,-7.085317,-18.302607,-11.371828,-3.1123836,-23.452196,10.591809,1.2277293,7.257615,-27.33166
M04,AE1,1.0,738.903121228809,1318.5910205742812,-42.17855,-6.147773,-31.130943,-5.6785073,-19.027422,-8.540396,-2.9816577,-22.04801,10.798164,0.95397323,7.856695,-25.355103
M04,AH1,0.0,712.0374959004838,1267.7325492209598,-42.486551,-8.10096325,-31.5179495,-8.857764,-18.959076500000002,-10.772140499999999,-3.0460703999999996,-21.940062500000003,11.481495500000001,0.996470085,8.193539999999999,-25.5603705
M04,AH1,0.25,729.7705341527213,1228.9554386581492,-43.2187735,-8.3369985,-31.9816335,-9.2331825,-19.247708000000003,-11.8266785,-3.13726735,-22.198728,11.5243605,1.00044713,8.174461,-25.7790525
M04,AH1,0.5,727.4543329477655,1219.7383907322333,-43.4839685,-8.2932215,-32.1829065,-9.1618175,-19.470548,-12.148389,-3.1345534500000003,-22.188965,11.457690249999999,0.8055577,8.120027,-25.544073500000003
M04,AH1,0.75,719.4990279397092,1232.091447800457,-43.3224175,-8.065606,-32.268614,-8.500155249999999,-19.5329455,-11.356626,-3.0711674999999996,-21.935115,11.5155975,0.6143021,8.268784499999999,-24.9821645
M04,AH1,1.0,701.5854515236942,1261.7250229852834,-43.1890135,-7.5296312,-32.2596265,-7.1055827,-19.56532,-9.7770465,-3.0588166,-21.568496500000002,11.514953,0.4694123,8.391589,-24.4177045
M04,AO1,0.0,707.897868818933,1365.2347107232345,-45.343528500000005,-6.16945525,-34.448212999999996,-7.197465,-21.7267085,-9.7270815,-3.2720119,-21.7642575,12.261505,0.33990313000000005,9.0854335,-24.2283715
M04,AO1,0.25,710.5084097606482,1237.3112017893332,-47.472385,-6.3584130000000005,-36.383512999999994,-7.4743853,-23.4408395,-11.2861335,-3.4644228999999997,-22.357844999999998,12.430588499999999,0.28014258999999997,9.0450345,-24.807949
M04,AO1,0.5,717.0068998340164,1177.6884762777725,-48.598129,-5.394283,-37.319214,-5.461463,-25.1042515,-11.3064305,-3.53619315,-22.639387,12.3771185,0.298572165,9.029087,-25.026953
M04,AO1,0.75,722.7077968794442,1167.3871208481396,-48.962396,-3.7920302,-38.1843,-3.1177297499999996,-25.5398115,-9.908178,-3.4911691,-22.5480415,12.155905,0.252843365,8.9385315,-24.818115499999998
M04,AO1,1.0,715.5145616944983,1207.7658931776868,-48.0687025,-2.7281914,-37.2098465,-1.7421796999999999,-24.3483375,-7.998113999999999,-3.39560865,-22.0591075,12.0520255,0.18508558,8.8606585,-24.501103
M04,EH1,0.0,682.7548328078873,1373.515567772335,-40.773262,-6.4415627,-29.586973,-6.8134985,-17.22502,-10.609778,-2.4089468,-22.450884,10.835967,1.4928097,7.9979496,-26.747118
M04,EH1,0.25,702.6671900564459,1360.0893988323717,-41.07887,-6.8760777,-29.705215,-7.3286877,-17.500475,-11.310828,-2.534643,-22.851198,10.787984,1.5684521,7.834631,-27.308193
M04,EH1,0.5,715.9053145878698,1353.8305638248971,-41.663525,-7.0399566,-30.236055,-7.548246,-17.956928,-11.245943,-2.5976646,-22.878275,10.833514,1.5079056,7.79915,-27.092075
M04,EH1,0.75,704.5937605553834,1340.9079480834587,-41.989952,-7.031649,-30.812447,-7.052279,-18.594776,-10.00628,-2.601751,-22.53882,10.86016,1.3451703,7.9579325,-26.420294
M04,EH1,1.0,681.9168428963426,1333.8959787022075,-42.32533,-6.8740005,-31.436327,-5.8504415,-19.241676,-7.848602,-2.6130505,-21.997944,10.949249,1.1624215,8.107379,-25.44567
M04,IH1,0.0,621.0580490127898,1578.3274203866406,-40.095150000000004,-3.13411295,-28.956668999999998,-3.5246326999999997,-16.972903,-8.491751,-2.5660670000000003,-21.174411,11.113584,1.2346617,7.88240455,-25.385059
M04,IH1,0.25,611.6148321123848,1548.8247731743859,-40.3000415,-3.06334415,-29.147983500000002,-3.64970555,-17.277775,-8.676837500000001,-2.6171198,-21.2317655,11.143869500000001,1.2780991,7.77588815,-25.508645
M04,IH1,0.5,617.2314397523824,1559.9050738501182,-40.6022435,-3.4695168499999998,-29.559116500000002,-4.1196235,-17.781019,-8.614623000000002,-2.64551985,-21.1992925,11.167442000000001,1.1115796,7.717165,-25.347083
M04,IH1,0.75,628.6738239941678,1567.5790094645345,-40.982031,-3.8999394,-29.9835845,-4.2252697999999995,-18.374211000000003,-8.242868000000001,-2.6704322,-21.0811815,11.1899555,1.0194242999999998,7.888263,-25.084958
M04,IH1,1.0,623.2321051792919,1550.0567035810516,-41.506423999999996,-4.3960199499999995,-30.542015,-4.2373887,-18.831906500000002,-7.6250222,-2.5906266000000002,-20.919098499999997,11.2044225,0.8798594200000001,8.123333500000001,-24.680919000000003
M04,IY1,0.0,1308.8159458015864,1643.025103086214,-38.809998,1.3586859,-26.983032,0.577104,-15.8115425,-6.802108,-2.5423043,-20.994959,11.0271225,1.3358116,7.847645,-26.155783
M04,IY1,0.25,450.9766073184844,1591.2716538028365,-38.266644,2.668099,-26.184156,1.4725767,-15.562036,-6.9084983,-2.6726723,-21.283318,11.008453,1.4351845,7.5940113,-26.745825
M04,IY1,0.5,448.340333614726,1593.207144498128,-38.26034,2.92454,-26.122522,1.4643116,-15.603015,-6.797259,-2.7975562,-21.319626,11.079588,1.3369735,7.5243483,-26.501253
M04,IY1,0.75,459.1020839125788,1581.162639108135,-38.581203,1.9911811,-26.99854,0.7494186,-16.386463,-6.5086694,-2.8557804,-21.119242,11.181308,1.0661262,7.8251414,-25.571995
M04,IY1,1.0,473.99248666980236,1596.0775790805872,-39.70032,-0.80263233,-28.611355,-1.3803487,-17.669237,-6.791172,-2.7788177,-20.77135,11.3790865,0.85715306,8.320665,-24.459854
M04,UH1,0.0,653.9811492036365,1391.955828669315,-44.914375,-3.9569259,-33.259365,-4.904559,-21.226128,-10.159789,-3.1350658,-20.616325,12.220004,0.7370633,8.282128,-24.22813
M04,UH1,0.25,624.2993863128063,1314.6218903089157,-45.101852,-3.6435537,-34.157932,-5.1698794,-21.631254,-10.212642,-3.2590203,-20.725912,12.144466,0.8145165,8.21641,-24.33911
M04,UH1,0.5,615.40171982824,1296.319491139667,-45.61015,-3.1818433,-34.290123,-4.5752215,-22.073202,-9.814393,-3.3951728,-20.84932,12.075608,0.78180385,8.117662,-24.693743
M04,UH1,0.75,606.2196407650451,1286.545199424367,-45.81526,-2.9459033,-34.020752,-3.1764534,-21.518934,-8.164796,-3.3637536,-20.944868,11.935505,0.59433264,8.064231,-24.777496
M04,UH1,1.0,600.2115951897613,1284.1027613838226,-45.714912,-2.2055783,-34.071278,-2.4905138,-21.26004,-6.349067,-3.37443,-21.009027,11.844904,0.4117158,8.170914,-24.775595
M04,UW1,0.0,602.8018528369191,1508.3630087542124,-41.4130785,-0.325534375,-29.9131565,-0.87781415,-18.1790435,-7.43892825,-2.5240072,-20.0050715,12.260432999999999,0.30278284,8.791836,-23.535583
M04,UW1,0.25,544.3936411563691,1490.381638357254,-41.670621499999996,0.106072683,-30.083876,-1.0637137,-18.9248325,-7.8879415,-2.5738787500000004,-20.0961265,12.304025,0.0832887175,8.782663,-23.265342500000003
M04,UW1,0.5,536.4663737458768,1484.0075561610975,-42.133978,-0.22000309,-30.303079500000003,-1.5742357999999999,-19.402862499999998,-8.227608499999999,-2.7243841,-20.2222215,12.274982999999999,-0.13488179,8.94436275,-23.0270335
M04,UW1,0.75,561.7547586995697,1502.5590992349914,-42.4885845,-1.3490372000000002,-30.6803765,-3.145028,-19.695796,-8.64867725,-2.8388783,-20.2212955,12.17001325,-0.20250696,8.898166499999999,-22.861048
M04,UW1,1.0,595.3024235994467,1507.394466782569,-42.439165,-3.0262604499999997,-30.862918,-4.72767915,-19.6734105,-8.551151,-2.9926597,-20.2660995,11.9434565,-0.025197420499999998,8.760759,-22.986421
